"Sample","Prob_resistance_Amikacina","Prob_resistance_Aztreonam","Prob_resistance_Cefepime","Prob_resistance_Ceftazidima","Prob_resistance_Ciprofloxacina","Prob_resistance_Fosfomicina","Prob_resistance_Gentamicina","Prob_resistance_Imipenem","Prob_resistance_Levofloxacina","Prob_resistance_Meropenem","Prob_resistance_Piperacilina_tazobactam","Prob_resistance_Tobramicina","Prediction_Amikacina","Prediction_Aztreonam","Prediction_Cefepime","Prediction_Ceftazidima","Prediction_Ciprofloxacina","Prediction_Fosfomicina","Prediction_Gentamicina","Prediction_Imipenem","Prediction_Levofloxacina","Prediction_Meropenem","Prediction_Piperacilina_tazobactam","Prediction_Tobramicina"
"GCA_011045595.1_ASM1104559v1_genomic",0.235314503312111,0.786367177963257,0.598767399787903,0.515253603458405,0.864432334899902,0.547811686992645,0.754190504550934,0.0956199541687965,0.784236371517181,0.535416305065155,0.185613110661507,0.991037130355835,"R","S","S","S","R","R","R","S","R","R","S","R"
"GCA_022699305.1_ASM2269930v1_genomic",0.926058888435364,0.926807940006256,0.954125344753265,0.941148579120636,0.855724573135376,0.33261239528656,0.482779234647751,0.467911869287491,0.864941477775574,0.448328882455826,0.630135178565979,0.989242017269135,"R","R","R","R","R","S","R","R","R","S","R","R"
"GCF_000240185.1_ASM24018v2_genomic",0.136438861489296,0.950537323951721,0.994019031524658,0.51460874080658,0.875182151794434,0.560140788555145,0.565628349781036,0.435676753520966,0.834728837013245,0.535341024398804,0.888984501361847,0.399455159902573,"R","R","R","S","R","R","R","R","R","R","R","S"
"GCF_022699345.1_ASM2269934v1_genomic",0.928730010986328,0.922418534755707,0.955869674682617,0.941148579120636,0.855724573135376,0.33261239528656,0.482779234647751,0.467911869287491,0.864941477775574,0.448328882455826,0.609253704547882,0.988360166549683,"R","R","R","R","R","S","R","R","R","S","R","R"
